symboling,num_of_doors,wheel_base,length,width,height,curb_weight,num_of_cylinders,engine_size,bore,stroke,compression_ratio,horsepower,peak_rpm,city_mpg,make_audi,make_bmw,make_chevrolet,make_dodge,make_honda,make_isuzu,make_jaguar,make_mazda,make_mercedes-benz,make_mitsubishi,make_nissan,make_peugot,make_plymouth,make_porsche,make_saab,make_subaru,make_toyota,make_volkswagen,make_volvo,aspiration_turbo,body_style_hardtop,body_style_hatchback,body_style_sedan,body_style_wagon,drive_wheels_fwd,engine_location_rear,engine_type_ohc,engine_type_ohcv,fuel_system_2bbl,fuel_system_idi,fuel_system_mfi,fuel_system_mpfi,fuel_system_spdi,price
3,2,88.6,168.8,64.1,48.8,2548,4,130,3.47,2.68,9,111,5000,21,False,False,False,False,False,False,False,False,False,False,False,False,False,False,False,False,False,False,False,False,False,False,False,False,False,False,False,False,False,False,False,True,False,13495
3,2,88.6,168.8,64.1,48.8,2548,4,130,3.47,2.68,9,111,5000,21,False,False,False,False,False,False,False,False,False,False,False,False,False,False,False,False,False,False,False,False,False,False,False,False,False,False,False,False,False,False,False,True,False,16500
1,2,94.5,171.2,65.5,52.4,2823,6,152,2.68,3.47,9,154,5000,19,False,False,False,False,False,False,False,False,False,False,False,False,False,False,False,False,False,False,False,False,False,True,False,False,False,False,False,True,False,False,False,True,False,16500
2,4,99.8,176.6,66.2,54.3,2337,4,109,3.19,3.4,10,102,5500,24,True,False,False,False,False,False,False,False,False,False,False,False,False,False,False,False,False,False,False,False,False,False,True,False,True,False,True,False,False,False,False,True,False,13950
2,4,99.4,176.6,66.4,54.3,2824,5,136,3.19,3.4,8,115,5500,18,True,False,False,False,False,False,False,False,False,False,False,False,False,False,False,False,False,False,False,False,False,False,True,False,False,False,True,False,False,False,False,True,False,17450
2,2,99.8,177.3,66.3,53.1,2507,5,136,3.19,3.4,8,110,5500,19,True,False,False,False,False,False,False,False,False,False,False,False,False,False,False,False,False,False,False,False,False,False,True,False,True,False,True,False,False,False,False,True,False,15250
1,4,105.8,192.7,71.4,55.7,2844,5,136,3.19,3.4,8,110,5500,19,True,False,False,False,False,False,False,False,False,False,False,False,False,False,False,False,False,False,False,False,False,False,True,False,True,False,True,False,False,False,False,True,False,17710
1,4,105.8,192.7,71.4,55.7,2954,5,136,3.19,3.4,8,110,5500,19,True,False,False,False,False,False,False,False,False,False,False,False,False,False,False,False,False,False,False,False,False,False,False,True,True,False,True,False,False,False,False,True,False,18920
1,4,105.8,192.7,71.4,55.9,3086,5,131,3.13,3.4,8,140,5500,17,True,False,False,False,False,False,False,False,False,False,False,False,False,False,False,False,False,False,False,True,False,False,True,False,True,False,True,False,False,False,False,True,False,23875
2,2,101.2,176.8,64.8,54.3,2395,4,108,3.5,2.8,8,101,5800,23,False,True,False,False,False,False,False,False,False,False,False,False,False,False,False,False,False,False,False,False,False,False,True,False,False,False,True,False,False,False,False,True,False,16430
0,4,101.2,176.8,64.8,54.3,2395,4,108,3.5,2.8,8,101,5800,23,False,True,False,False,False,False,False,False,False,False,False,False,False,False,False,False,False,False,False,False,False,False,True,False,False,False,True,False,False,False,False,True,False,16925
0,2,101.2,176.8,64.8,54.3,2710,6,164,3.31,3.19,9,121,4250,21,False,True,False,False,False,False,False,False,False,False,False,False,False,False,False,False,False,False,False,False,False,False,True,False,False,False,True,False,False,False,False,True,False,20970
0,4,101.2,176.8,64.8,54.3,2765,6,164,3.31,3.19,9,121,4250,21,False,True,False,False,False,False,False,False,False,False,False,False,False,False,False,False,False,False,False,False,False,False,True,False,False,False,True,False,False,False,False,True,False,21105
1,4,103.5,189.0,66.9,55.7,3055,6,164,3.31,3.19,9,121,4250,20,False,True,False,False,False,False,False,False,False,False,False,False,False,False,False,False,False,False,False,False,False,False,True,False,False,False,True,False,False,False,False,True,False,24565
0,4,103.5,189.0,66.9,55.7,3230,6,209,3.62,3.39,8,182,5400,16,False,True,False,False,False,False,False,False,False,False,False,False,False,False,False,False,False,False,False,False,False,False,True,False,False,False,True,False,False,False,False,True,False,30760
0,2,103.5,193.8,67.9,53.7,3380,6,209,3.62,3.39,8,182,5400,16,False,True,False,False,False,False,False,False,False,False,False,False,False,False,False,False,False,False,False,False,False,False,True,False,False,False,True,False,False,False,False,True,False,41315
0,4,110.0,197.0,70.9,56.3,3505,6,209,3.62,3.39,8,182,5400,15,False,True,False,False,False,False,False,False,False,False,False,False,False,False,False,False,False,False,False,False,False,False,True,False,False,False,True,False,False,False,False,True,False,36880
2,2,88.4,141.1,60.3,53.2,1488,3,61,2.91,3.03,9,48,5100,47,False,False,True,False,False,False,False,False,False,False,False,False,False,False,False,False,False,False,False,False,False,True,False,False,True,False,False,False,True,False,False,False,False,5151
1,2,94.5,155.9,63.6,52.0,1874,4,90,3.03,3.11,9,70,5400,38,False,False,True,False,False,False,False,False,False,False,False,False,False,False,False,False,False,False,False,False,False,True,False,False,True,False,True,False,True,False,False,False,False,6295
0,4,94.5,158.8,63.6,52.0,1909,4,90,3.03,3.11,9,70,5400,38,False,False,True,False,False,False,False,False,False,False,False,False,False,False,False,False,False,False,False,False,False,False,True,False,True,False,True,False,True,False,False,False,False,6575
1,2,93.7,157.3,63.8,50.8,1876,4,90,2.97,3.23,9,68,5500,37,False,False,False,True,False,False,False,False,False,False,False,False,False,False,False,False,False,False,False,False,False,True,False,False,True,False,True,False,True,False,False,False,False,5572
1,2,93.7,157.3,63.8,50.8,1876,4,90,2.97,3.23,9,68,5500,31,False,False,False,True,False,False,False,False,False,False,False,False,False,False,False,False,False,False,False,False,False,True,False,False,True,False,True,False,True,False,False,False,False,6377
1,2,93.7,157.3,63.8,50.8,2128,4,98,3.03,3.39,7,102,5500,24,False,False,False,True,False,False,False,False,False,False,False,False,False,False,False,False,False,False,False,True,False,True,False,False,True,False,True,False,False,False,False,True,False,7957
1,4,93.7,157.3,63.8,50.6,1967,4,90,2.97,3.23,9,68,5500,31,False,False,False,True,False,False,False,False,False,False,False,False,False,False,False,False,False,False,False,False,False,True,False,False,True,False,True,False,True,False,False,False,False,6229
1,4,93.7,157.3,63.8,50.6,1989,4,90,2.97,3.23,9,68,5500,31,False,False,False,True,False,False,False,False,False,False,False,False,False,False,False,False,False,False,False,False,False,False,True,False,True,False,True,False,True,False,False,False,False,6692
1,4,93.7,157.3,63.8,50.6,1989,4,90,2.97,3.23,9,68,5500,31,False,False,False,True,False,False,False,False,False,False,False,False,False,False,False,False,False,False,False,False,False,False,True,False,True,False,True,False,True,False,False,False,False,7609
-1,4,103.3,174.6,64.6,59.8,2535,4,122,3.34,3.46,8,88,5000,24,False,False,False,True,False,False,False,False,False,False,False,False,False,False,False,False,False,False,False,False,False,False,False,True,True,False,True,False,True,False,False,False,False,8921
3,2,95.9,173.2,66.3,50.2,2811,4,156,3.6,3.9,7,145,5000,19,False,False,False,True,False,False,False,False,False,False,False,False,False,False,False,False,False,False,False,True,False,True,False,False,True,False,True,False,False,False,True,False,False,12964
2,2,86.6,144.6,63.9,50.8,1713,4,92,2.91,3.41,9,58,4800,49,False,False,False,False,True,False,False,False,False,False,False,False,False,False,False,False,False,False,False,False,False,True,False,False,True,False,True,False,False,False,False,False,False,6479
2,2,86.6,144.6,63.9,50.8,1819,4,92,2.91,3.41,9,76,6000,31,False,False,False,False,True,False,False,False,False,False,False,False,False,False,False,False,False,False,False,False,False,True,False,False,True,False,True,False,False,False,False,False,False,6855
1,2,93.7,150.0,64.0,52.6,1837,4,79,2.91,3.07,10,60,5500,38,False,False,False,False,True,False,False,False,False,False,False,False,False,False,False,False,False,False,False,False,False,True,False,False,True,False,True,False,False,False,False,False,False,5399
1,2,93.7,150.0,64.0,52.6,1940,4,92,2.91,3.41,9,76,6000,30,False,False,False,False,True,False,False,False,False,False,False,False,False,False,False,False,False,False,False,False,False,True,False,False,True,False,True,False,False,False,False,False,False,6529
1,2,93.7,150.0,64.0,52.6,1956,4,92,2.91,3.41,9,76,6000,30,False,False,False,False,True,False,False,False,False,False,False,False,False,False,False,False,False,False,False,False,False,True,False,False,True,False,True,False,False,False,False,False,False,7129
0,4,96.5,163.4,64.0,54.5,2010,4,92,2.91,3.41,9,76,6000,30,False,False,False,False,True,False,False,False,False,False,False,False,False,False,False,False,False,False,False,False,False,False,True,False,True,False,True,False,False,False,False,False,False,7295
0,4,96.5,157.1,63.9,58.3,2024,4,92,2.92,3.41,9,76,6000,30,False,False,False,False,True,False,False,False,False,False,False,False,False,False,False,False,False,False,False,False,False,False,False,True,True,False,True,False,False,False,False,False,False,7295
0,2,96.5,167.5,65.2,53.3,2236,4,110,3.15,3.58,9,86,5800,27,False,False,False,False,True,False,False,False,False,False,False,False,False,False,False,False,False,False,False,False,False,True,False,False,True,False,True,False,False,False,False,False,False,7895
0,2,96.5,167.5,65.2,53.3,2289,4,110,3.15,3.58,9,86,5800,27,False,False,False,False,True,False,False,False,False,False,False,False,False,False,False,False,False,False,False,False,False,True,False,False,True,False,True,False,False,False,False,False,False,9095
0,4,96.5,175.4,65.2,54.1,2304,4,110,3.15,3.58,9,86,5800,27,False,False,False,False,True,False,False,False,False,False,False,False,False,False,False,False,False,False,False,False,False,False,True,False,True,False,True,False,False,False,False,False,False,8845
0,4,96.5,175.4,62.5,54.1,2372,4,110,3.15,3.58,9,86,5800,27,False,False,False,False,True,False,False,False,False,False,False,False,False,False,False,False,False,False,False,False,False,False,True,False,True,False,True,False,False,False,False,False,False,10295
0,4,96.5,175.4,65.2,54.1,2465,4,110,3.15,3.58,9,101,5800,24,False,False,False,False,True,False,False,False,False,False,False,False,False,False,False,False,False,False,False,False,False,False,True,False,True,False,True,False,False,False,False,True,False,12945
1,2,96.5,169.1,66.0,51.0,2293,4,110,3.15,3.58,9,100,5500,25,False,False,False,False,True,False,False,False,False,False,False,False,False,False,False,False,False,False,False,False,False,False,True,False,True,False,True,False,True,False,False,False,False,10345
0,4,94.3,170.7,61.8,53.5,2337,4,111,3.31,3.23,8,78,4800,24,False,False,False,False,False,True,False,False,False,False,False,False,False,False,False,False,False,False,False,False,False,False,True,False,False,False,True,False,True,False,False,False,False,6785
2,2,96.0,172.6,65.2,51.4,2734,4,119,3.43,3.23,9,90,5000,24,False,False,False,False,False,True,False,False,False,False,False,False,False,False,False,False,False,False,False,False,False,True,False,False,False,False,True,False,False,False,False,False,False,11048
0,4,113.0,199.6,69.6,52.8,4066,6,258,3.63,4.17,8,176,4750,15,False,False,False,False,False,False,True,False,False,False,False,False,False,False,False,False,False,False,False,False,False,False,True,False,False,False,False,False,False,False,False,True,False,32250
0,4,113.0,199.6,69.6,52.8,4066,6,258,3.63,4.17,8,176,4750,15,False,False,False,False,False,False,True,False,False,False,False,False,False,False,False,False,False,False,False,False,False,False,True,False,False,False,False,False,False,False,False,True,False,35550
0,2,102.0,191.7,70.6,47.8,3950,12,326,3.54,2.76,11,262,5000,13,False,False,False,False,False,False,True,False,False,False,False,False,False,False,False,False,False,False,False,False,False,False,True,False,False,False,False,True,False,False,False,True,False,36000
1,2,93.1,159.1,64.2,54.1,1890,4,91,3.03,3.15,9,68,5000,30,False,False,False,False,False,False,False,True,False,False,False,False,False,False,False,False,False,False,False,False,False,True,False,False,True,False,True,False,True,False,False,False,False,5195
1,2,93.1,159.1,64.2,54.1,1900,4,91,3.03,3.15,9,68,5000,31,False,False,False,False,False,False,False,True,False,False,False,False,False,False,False,False,False,False,False,False,False,True,False,False,True,False,True,False,True,False,False,False,False,6095
1,2,93.1,159.1,64.2,54.1,1905,4,91,3.03,3.15,9,68,5000,31,False,False,False,False,False,False,False,True,False,False,False,False,False,False,False,False,False,False,False,False,False,True,False,False,True,False,True,False,True,False,False,False,False,6795
1,4,93.1,166.8,64.2,54.1,1945,4,91,3.03,3.15,9,68,5000,31,False,False,False,False,False,False,False,True,False,False,False,False,False,False,False,False,False,False,False,False,False,False,True,False,True,False,True,False,True,False,False,False,False,6695
1,4,93.1,166.8,64.2,54.1,1950,4,91,3.08,3.15,9,68,5000,31,False,False,False,False,False,False,False,True,False,False,False,False,False,False,False,False,False,False,False,False,False,False,True,False,True,False,True,False,True,False,False,False,False,7395
1,2,98.8,177.8,66.5,53.7,2385,4,122,3.39,3.39,8,84,4800,26,False,False,False,False,False,False,False,True,False,False,False,False,False,False,False,False,False,False,False,False,False,True,False,False,True,False,True,False,True,False,False,False,False,8845
0,4,98.8,177.8,66.5,55.5,2410,4,122,3.39,3.39,8,84,4800,26,False,False,False,False,False,False,False,True,False,False,False,False,False,False,False,False,False,False,False,False,False,False,True,False,True,False,True,False,True,False,False,False,False,8495
1,2,98.8,177.8,66.5,53.7,2385,4,122,3.39,3.39,8,84,4800,26,False,False,False,False,False,False,False,True,False,False,False,False,False,False,False,False,False,False,False,False,False,True,False,False,True,False,True,False,True,False,False,False,False,10595
0,4,98.8,177.8,66.5,55.5,2410,4,122,3.39,3.39,8,84,4800,26,False,False,False,False,False,False,False,True,False,False,False,False,False,False,False,False,False,False,False,False,False,False,True,False,True,False,True,False,True,False,False,False,False,10245
0,4,98.8,177.8,66.5,55.5,2425,4,122,3.39,3.39,8,84,4800,26,False,False,False,False,False,False,False,True,False,False,False,False,False,False,False,False,False,False,False,False,False,True,False,False,True,False,True,False,True,False,False,False,False,11245
0,4,104.9,175.0,66.1,54.4,2670,4,140,3.76,3.16,8,120,5000,19,False,False,False,False,False,False,False,True,False,False,False,False,False,False,False,False,False,False,False,False,False,False,True,False,False,False,True,False,False,False,False,True,False,18280
0,4,104.9,175.0,66.1,54.4,2700,4,134,3.43,3.64,22,72,4200,31,False,False,False,False,False,False,False,True,False,False,False,False,False,False,False,False,False,False,False,False,False,False,True,False,False,False,True,False,False,True,False,False,False,18344
-1,4,110.0,190.9,70.3,56.5,3515,5,183,3.58,3.64,21,123,4350,22,False,False,False,False,False,False,False,False,True,False,False,False,False,False,False,False,False,False,False,True,False,False,True,False,False,False,True,False,False,True,False,False,False,25552
-1,4,110.0,190.9,70.3,58.7,3750,5,183,3.58,3.64,21,123,4350,22,False,False,False,False,False,False,False,False,True,False,False,False,False,False,False,False,False,False,False,True,False,False,False,True,False,False,True,False,False,True,False,False,False,28248
0,2,106.7,187.5,70.3,54.9,3495,5,183,3.58,3.64,21,123,4350,22,False,False,False,False,False,False,False,False,True,False,False,False,False,False,False,False,False,False,False,True,True,False,False,False,False,False,True,False,False,True,False,False,False,28176
-1,4,115.6,202.6,71.7,56.3,3770,5,183,3.58,3.64,21,123,4350,22,False,False,False,False,False,False,False,False,True,False,False,False,False,False,False,False,False,False,False,True,False,False,True,False,False,False,True,False,False,True,False,False,False,31600
-1,4,115.6,202.6,71.7,56.5,3740,8,234,3.46,3.1,8,155,4750,16,False,False,False,False,False,False,False,False,True,False,False,False,False,False,False,False,False,False,False,False,False,False,True,False,False,False,False,True,False,False,False,True,False,34184
3,2,96.6,180.3,70.5,50.8,3685,8,234,3.46,3.1,8,155,4750,16,False,False,False,False,False,False,False,False,True,False,False,False,False,False,False,False,False,False,False,False,False,False,False,False,False,False,False,True,False,False,False,True,False,35056
0,4,120.9,208.1,71.7,56.7,3900,8,308,3.8,3.35,8,184,4500,14,False,False,False,False,False,False,False,False,True,False,False,False,False,False,False,False,False,False,False,False,False,False,True,False,False,False,False,True,False,False,False,True,False,40960
1,2,112.0,199.2,72.0,55.4,3715,8,304,3.8,3.35,8,184,4500,14,False,False,False,False,False,False,False,False,True,False,False,False,False,False,False,False,False,False,False,False,True,False,False,False,False,False,False,True,False,False,False,True,False,45400
1,2,102.7,178.4,68.0,54.8,2910,4,140,3.78,3.12,8,175,5000,19,False,False,False,False,False,False,False,False,False,False,False,False,False,False,False,False,False,False,False,True,False,True,False,False,False,False,True,False,False,False,False,True,False,16503
2,2,93.7,157.3,64.4,50.8,1918,4,92,2.97,3.23,9,68,5500,37,False,False,False,False,False,False,False,False,False,True,False,False,False,False,False,False,False,False,False,False,False,True,False,False,True,False,True,False,True,False,False,False,False,5389
2,2,93.7,157.3,64.4,50.8,1944,4,92,2.97,3.23,9,68,5500,31,False,False,False,False,False,False,False,False,False,True,False,False,False,False,False,False,False,False,False,False,False,True,False,False,True,False,True,False,True,False,False,False,False,6189
2,2,93.7,157.3,64.4,50.8,2004,4,92,2.97,3.23,9,68,5500,31,False,False,False,False,False,False,False,False,False,True,False,False,False,False,False,False,False,False,False,False,False,True,False,False,True,False,True,False,True,False,False,False,False,6669
1,2,93.0,157.3,63.8,50.8,2145,4,98,3.03,3.39,7,102,5500,24,False,False,False,False,False,False,False,False,False,True,False,False,False,False,False,False,False,False,False,True,False,True,False,False,True,False,True,False,False,False,False,False,True,7689
3,2,96.3,173.0,65.4,49.4,2370,4,110,3.17,3.46,7,116,5500,23,False,False,False,False,False,False,False,False,False,True,False,False,False,False,False,False,False,False,False,True,False,True,False,False,True,False,True,False,False,False,False,False,True,9959
3,2,96.3,173.0,65.4,49.4,2328,4,122,3.35,3.46,8,88,5000,25,False,False,False,False,False,False,False,False,False,True,False,False,False,False,False,False,False,False,False,False,False,True,False,False,True,False,True,False,True,False,False,False,False,8499
3,2,95.9,173.2,66.3,50.2,2833,4,156,3.58,3.86,7,145,5000,19,False,False,False,False,False,False,False,False,False,True,False,False,False,False,False,False,False,False,False,True,False,True,False,False,True,False,True,False,False,False,False,False,True,12629
3,2,95.9,173.2,66.3,50.2,2921,4,156,3.59,3.86,7,145,5000,19,False,False,False,False,False,False,False,False,False,True,False,False,False,False,False,False,False,False,False,True,False,True,False,False,True,False,True,False,False,False,False,False,True,14869
3,2,95.9,173.2,66.3,50.2,2926,4,156,3.59,3.86,7,145,5000,19,False,False,False,False,False,False,False,False,False,True,False,False,False,False,False,False,False,False,False,True,False,True,False,False,True,False,True,False,False,False,False,False,True,14489
1,4,96.3,172.4,65.4,51.6,2365,4,122,3.35,3.46,8,88,5000,25,False,False,False,False,False,False,False,False,False,True,False,False,False,False,False,False,False,False,False,False,False,False,True,False,True,False,True,False,True,False,False,False,False,6989
1,4,96.3,172.4,65.4,51.6,2405,4,122,3.35,3.46,8,88,5000,25,False,False,False,False,False,False,False,False,False,True,False,False,False,False,False,False,False,False,False,False,False,False,True,False,True,False,True,False,True,False,False,False,False,8189
1,4,96.3,172.4,65.4,51.6,2403,4,110,3.17,3.46,7,116,5500,23,False,False,False,False,False,False,False,False,False,True,False,False,False,False,False,False,False,False,False,True,False,False,True,False,True,False,True,False,False,False,False,False,True,9279
-1,4,96.3,172.4,65.4,51.6,2403,4,110,3.17,3.46,7,116,5500,23,False,False,False,False,False,False,False,False,False,True,False,False,False,False,False,False,False,False,False,False,False,False,True,False,True,False,True,False,False,False,False,False,True,9279
1,2,94.5,165.3,63.8,54.5,1889,4,97,3.15,3.29,9,69,5200,31,False,False,False,False,False,False,False,False,False,False,True,False,False,False,False,False,False,False,False,False,False,False,True,False,True,False,True,False,True,False,False,False,False,5499
1,2,94.5,165.3,63.8,54.5,2017,4,103,2.99,3.47,21,55,4800,45,False,False,False,False,False,False,False,False,False,False,True,False,False,False,False,False,False,False,False,False,False,False,True,False,True,False,True,False,False,True,False,False,False,7099
1,2,94.5,165.3,63.8,54.5,1918,4,97,3.15,3.29,9,69,5200,31,False,False,False,False,False,False,False,False,False,False,True,False,False,False,False,False,False,False,False,False,False,False,True,False,True,False,True,False,True,False,False,False,False,6649
1,4,94.5,165.3,63.8,54.5,1938,4,97,3.15,3.29,9,69,5200,31,False,False,False,False,False,False,False,False,False,False,True,False,False,False,False,False,False,False,False,False,False,False,True,False,True,False,True,False,True,False,False,False,False,6849
1,4,94.5,170.2,63.8,53.5,2024,4,97,3.15,3.29,9,69,5200,31,False,False,False,False,False,False,False,False,False,False,True,False,False,False,False,False,False,False,False,False,False,False,False,True,True,False,True,False,True,False,False,False,False,7349
1,2,94.5,165.3,63.8,54.5,1951,4,97,3.15,3.29,9,69,5200,31,False,False,False,False,False,False,False,False,False,False,True,False,False,False,False,False,False,False,False,False,False,False,True,False,True,False,True,False,True,False,False,False,False,7299
1,2,94.5,165.6,63.8,53.3,2028,4,97,3.15,3.29,9,69,5200,31,False,False,False,False,False,False,False,False,False,False,True,False,False,False,False,False,False,False,False,False,False,True,False,False,True,False,True,False,True,False,False,False,False,7799
1,4,94.5,165.3,63.8,54.5,1971,4,97,3.15,3.29,9,69,5200,31,False,False,False,False,False,False,False,False,False,False,True,False,False,False,False,False,False,False,False,False,False,False,True,False,True,False,True,False,True,False,False,False,False,7499
1,4,94.5,170.2,63.8,53.5,2037,4,97,3.15,3.29,9,69,5200,31,False,False,False,False,False,False,False,False,False,False,True,False,False,False,False,False,False,False,False,False,False,False,False,True,True,False,True,False,True,False,False,False,False,7999
2,2,95.1,162.4,63.8,53.3,2008,4,97,3.15,3.29,9,69,5200,31,False,False,False,False,False,False,False,False,False,False,True,False,False,False,False,False,False,False,False,False,True,False,False,False,True,False,True,False,True,False,False,False,False,8249
0,4,97.2,173.4,65.2,54.7,2324,4,120,3.33,3.47,8,97,5200,27,False,False,False,False,False,False,False,False,False,False,True,False,False,False,False,False,False,False,False,False,False,True,False,False,True,False,True,False,True,False,False,False,False,8949
0,4,97.2,173.4,65.2,54.7,2302,4,120,3.33,3.47,8,97,5200,27,False,False,False,False,False,False,False,False,False,False,True,False,False,False,False,False,False,False,False,False,False,False,True,False,True,False,True,False,True,False,False,False,False,9549
0,4,100.4,181.7,66.5,55.1,3095,6,181,3.43,3.27,9,152,5200,17,False,False,False,False,False,False,False,False,False,False,True,False,False,False,False,False,False,False,False,False,False,False,True,False,True,False,False,True,False,False,False,True,False,13499
0,4,100.4,184.6,66.5,56.1,3296,6,181,3.43,3.27,9,152,5200,17,False,False,False,False,False,False,False,False,False,False,True,False,False,False,False,False,False,False,False,False,False,False,False,True,True,False,False,True,False,False,False,True,False,14399
0,4,100.4,184.6,66.5,55.1,3060,6,181,3.43,3.27,9,152,5200,19,False,False,False,False,False,False,False,False,False,False,True,False,False,False,False,False,False,False,False,False,False,False,True,False,True,False,False,True,False,False,False,True,False,13499
3,2,91.3,170.7,67.9,49.7,3071,6,181,3.43,3.27,9,160,5200,19,False,False,False,False,False,False,False,False,False,False,True,False,False,False,False,False,False,False,False,False,False,True,False,False,False,False,False,True,False,False,False,True,False,17199
3,2,91.3,170.7,67.9,49.7,3139,6,181,3.43,3.27,7,200,5200,17,False,False,False,False,False,False,False,False,False,False,True,False,False,False,False,False,False,False,False,True,False,True,False,False,False,False,False,True,False,False,False,True,False,19699
1,2,99.2,178.5,67.9,49.7,3139,6,181,3.43,3.27,9,160,5200,19,False,False,False,False,False,False,False,False,False,False,True,False,False,False,False,False,False,False,False,False,False,True,False,False,False,False,False,True,False,False,False,True,False,18399
0,4,107.9,186.7,68.4,56.7,3020,4,120,3.46,3.19,8,97,5000,19,False,False,False,False,False,False,False,False,False,False,False,True,False,False,False,False,False,False,False,False,False,False,True,False,False,False,False,False,False,False,False,True,False,11900
0,4,107.9,186.7,68.4,56.7,3197,4,152,3.7,3.52,21,95,4150,28,False,False,False,False,False,False,False,False,False,False,False,True,False,False,False,False,False,False,False,True,False,False,True,False,False,False,False,False,False,True,False,False,False,13200
0,4,114.2,198.9,68.4,58.7,3230,4,120,3.46,3.19,8,97,5000,19,False,False,False,False,False,False,False,False,False,False,False,True,False,False,False,False,False,False,False,False,False,False,False,True,False,False,False,False,False,False,False,True,False,12440
0,4,114.2,198.9,68.4,58.7,3430,4,152,3.7,3.52,21,95,4150,25,False,False,False,False,False,False,False,False,False,False,False,True,False,False,False,False,False,False,False,True,False,False,False,True,False,False,False,False,False,True,False,False,False,13860
0,4,107.9,186.7,68.4,56.7,3075,4,120,3.46,2.19,8,95,5000,19,False,False,False,False,False,False,False,False,False,False,False,True,False,False,False,False,False,False,False,False,False,False,True,False,False,False,False,False,False,False,False,True,False,15580
0,4,107.9,186.7,68.4,56.7,3252,4,152,3.7,3.52,21,95,4150,28,False,False,False,False,False,False,False,False,False,False,False,True,False,False,False,False,False,False,False,True,False,False,True,False,False,False,False,False,False,True,False,False,False,16900
0,4,114.2,198.9,68.4,56.7,3285,4,120,3.46,2.19,8,95,5000,19,False,False,False,False,False,False,False,False,False,False,False,True,False,False,False,False,False,False,False,False,False,False,False,True,False,False,False,False,False,False,False,True,False,16695
0,4,114.2,198.9,68.4,58.7,3485,4,152,3.7,3.52,21,95,4150,25,False,False,False,False,False,False,False,False,False,False,False,True,False,False,False,False,False,False,False,True,False,False,False,True,False,False,False,False,False,True,False,False,False,17075
0,4,107.9,186.7,68.4,56.7,3075,4,120,3.46,3.19,8,97,5000,19,False,False,False,False,False,False,False,False,False,False,False,True,False,False,False,False,False,False,False,False,False,False,True,False,False,False,False,False,False,False,False,True,False,16630
0,4,107.9,186.7,68.4,56.7,3252,4,152,3.7,3.52,21,95,4150,28,False,False,False,False,False,False,False,False,False,False,False,True,False,False,False,False,False,False,False,True,False,False,True,False,False,False,False,False,False,True,False,False,False,17950
0,4,108.0,186.7,68.3,56.0,3130,4,134,3.61,3.21,7,142,5600,18,False,False,False,False,False,False,False,False,False,False,False,True,False,False,False,False,False,False,False,True,False,False,True,False,False,False,False,False,False,False,False,True,False,18150
1,2,93.7,157.3,63.8,50.8,1918,4,90,2.97,3.23,9,68,5500,37,False,False,False,False,False,False,False,False,False,False,False,False,True,False,False,False,False,False,False,False,False,True,False,False,True,False,True,False,True,False,False,False,False,5572
1,2,93.7,157.3,63.8,50.8,2128,4,98,3.03,3.39,7,102,5500,24,False,False,False,False,False,False,False,False,False,False,False,False,True,False,False,False,False,False,False,True,False,True,False,False,True,False,True,False,False,False,False,False,True,7957
1,4,93.7,157.3,63.8,50.6,1967,4,90,2.97,3.23,9,68,5500,31,False,False,False,False,False,False,False,False,False,False,False,False,True,False,False,False,False,False,False,False,False,True,False,False,True,False,True,False,True,False,False,False,False,6229
1,4,93.7,167.3,63.8,50.8,1989,4,90,2.97,3.23,9,68,5500,31,False,False,False,False,False,False,False,False,False,False,False,False,True,False,False,False,False,False,False,False,False,False,True,False,True,False,True,False,True,False,False,False,False,6692
1,4,93.7,167.3,63.8,50.8,2191,4,98,2.97,3.23,9,68,5500,31,False,False,False,False,False,False,False,False,False,False,False,False,True,False,False,False,False,False,False,False,False,False,True,False,True,False,True,False,True,False,False,False,False,7609
-1,4,103.3,174.6,64.6,59.8,2535,4,122,3.35,3.46,8,88,5000,24,False,False,False,False,False,False,False,False,False,False,False,False,True,False,False,False,False,False,False,False,False,False,False,True,True,False,True,False,True,False,False,False,False,8921
3,2,95.9,173.2,66.3,50.2,2818,4,156,3.59,3.86,7,145,5000,19,False,False,False,False,False,False,False,False,False,False,False,False,True,False,False,False,False,False,False,True,False,True,False,False,False,False,True,False,False,False,False,False,True,12764
3,2,94.5,168.9,68.3,50.2,2778,4,151,3.94,3.11,9,143,5500,19,False,False,False,False,False,False,False,False,False,False,False,False,False,True,False,False,False,False,False,False,False,True,False,False,False,False,True,False,False,False,False,True,False,22018
3,2,89.5,168.9,65.0,51.6,2756,6,194,3.74,2.9,9,207,5900,17,False,False,False,False,False,False,False,False,False,False,False,False,False,True,False,False,False,False,False,False,True,False,False,False,False,True,False,False,False,False,False,True,False,32528
3,2,89.5,168.9,65.0,51.6,2756,6,194,3.74,2.9,9,207,5900,17,False,False,False,False,False,False,False,False,False,False,False,False,False,True,False,False,False,False,False,False,True,False,False,False,False,True,False,False,False,False,False,True,False,34028
3,2,89.5,168.9,65.0,51.6,2800,6,194,3.74,2.9,9,207,5900,17,False,False,False,False,False,False,False,False,False,False,False,False,False,True,False,False,False,False,False,False,False,False,False,False,False,True,False,False,False,False,False,True,False,37028
3,2,99.1,186.6,66.5,56.1,2658,4,121,3.54,3.07,9,110,5250,21,False,False,False,False,False,False,False,False,False,False,False,False,False,False,True,False,False,False,False,False,False,True,False,False,True,False,True,False,False,False,False,True,False,11850
2,4,99.1,186.6,66.5,56.1,2695,4,121,3.54,3.07,9,110,5250,21,False,False,False,False,False,False,False,False,False,False,False,False,False,False,True,False,False,False,False,False,False,False,True,False,True,False,True,False,False,False,False,True,False,12170
3,2,99.1,186.6,66.5,56.1,2707,4,121,2.54,2.07,9,110,5250,21,False,False,False,False,False,False,False,False,False,False,False,False,False,False,True,False,False,False,False,False,False,True,False,False,True,False,True,False,False,False,False,True,False,15040
2,4,99.1,186.6,66.5,56.1,2758,4,121,3.54,3.07,9,110,5250,21,False,False,False,False,False,False,False,False,False,False,False,False,False,False,True,False,False,False,False,False,False,False,True,False,True,False,True,False,False,False,False,True,False,15510
3,2,99.1,186.6,66.5,56.1,2808,4,121,3.54,3.07,9,160,5500,19,False,False,False,False,False,False,False,False,False,False,False,False,False,False,True,False,False,False,False,True,False,True,False,False,True,False,False,False,False,False,False,True,False,18150
2,4,99.1,186.6,66.5,56.1,2847,4,121,3.54,3.07,9,160,5500,19,False,False,False,False,False,False,False,False,False,False,False,False,False,False,True,False,False,False,False,True,False,False,True,False,True,False,False,False,False,False,False,True,False,18620
2,2,93.7,156.9,63.4,53.7,2050,4,97,3.62,2.36,9,69,4900,31,False,False,False,False,False,False,False,False,False,False,False,False,False,False,False,True,False,False,False,False,False,True,False,False,True,False,False,False,True,False,False,False,False,5118
2,2,93.7,157.9,63.6,53.7,2120,4,108,3.62,2.64,8,73,4400,26,False,False,False,False,False,False,False,False,False,False,False,False,False,False,False,True,False,False,False,False,False,True,False,False,True,False,False,False,True,False,False,False,False,7053
2,2,93.3,157.3,63.8,55.7,2240,4,108,3.62,2.64,8,73,4400,26,False,False,False,False,False,False,False,False,False,False,False,False,False,False,False,True,False,False,False,False,False,True,False,False,False,False,False,False,True,False,False,False,False,7603
0,4,97.2,172.0,65.4,52.5,2145,4,108,3.62,2.64,9,82,4800,32,False,False,False,False,False,False,False,False,False,False,False,False,False,False,False,True,False,False,False,False,False,False,True,False,True,False,False,False,True,False,False,False,False,7126
0,4,97.2,172.0,65.4,52.5,2190,4,108,3.62,2.64,9,82,4400,28,False,False,False,False,False,False,False,False,False,False,False,False,False,False,False,True,False,False,False,False,False,False,True,False,True,False,False,False,True,False,False,False,False,7775
0,4,97.2,172.0,65.4,52.5,2340,4,108,3.62,2.64,9,94,5200,26,False,False,False,False,False,False,False,False,False,False,False,False,False,False,False,True,False,False,False,False,False,False,True,False,True,False,False,False,False,False,False,True,False,9960
0,4,97.0,172.0,65.4,54.3,2385,4,108,3.62,2.64,9,82,4800,24,False,False,False,False,False,False,False,False,False,False,False,False,False,False,False,True,False,False,False,False,False,False,True,False,False,False,False,False,True,False,False,False,False,9233
0,4,97.0,172.0,65.4,54.3,2510,4,108,3.62,2.64,7,111,4800,24,False,False,False,False,False,False,False,False,False,False,False,False,False,False,False,True,False,False,False,True,False,False,True,False,False,False,False,False,False,False,False,True,False,11259
0,4,97.0,173.5,65.4,53.0,2290,4,108,3.62,2.64,9,82,4800,28,False,False,False,False,False,False,False,False,False,False,False,False,False,False,False,True,False,False,False,False,False,False,False,True,True,False,False,False,True,False,False,False,False,7463
0,4,97.0,173.5,65.4,53.0,2455,4,108,3.62,2.64,9,94,5200,25,False,False,False,False,False,False,False,False,False,False,False,False,False,False,False,True,False,False,False,False,False,False,False,True,True,False,False,False,False,False,False,True,False,10198
0,4,96.9,173.6,65.4,54.9,2420,4,108,3.62,2.64,9,82,4800,23,False,False,False,False,False,False,False,False,False,False,False,False,False,False,False,True,False,False,False,False,False,False,False,True,False,False,False,False,True,False,False,False,False,8013
0,4,96.9,173.6,65.4,54.9,2650,4,108,3.62,2.64,7,111,4800,23,False,False,False,False,False,False,False,False,False,False,False,False,False,False,False,True,False,False,False,True,False,False,False,True,False,False,False,False,False,False,False,True,False,11694
1,2,95.7,158.7,63.6,54.5,1985,4,92,3.05,3.03,9,62,4800,35,False,False,False,False,False,False,False,False,False,False,False,False,False,False,False,False,True,False,False,False,False,True,False,False,True,False,True,False,True,False,False,False,False,5348
1,2,95.7,158.7,63.6,54.5,2040,4,92,3.05,3.03,9,62,4800,31,False,False,False,False,False,False,False,False,False,False,False,False,False,False,False,False,True,False,False,False,False,True,False,False,True,False,True,False,True,False,False,False,False,6338
1,4,95.7,158.7,63.6,54.5,2015,4,92,3.05,3.03,9,62,4800,31,False,False,False,False,False,False,False,False,False,False,False,False,False,False,False,False,True,False,False,False,False,True,False,False,True,False,True,False,True,False,False,False,False,6488
0,4,95.7,169.7,63.6,59.1,2280,4,92,3.05,3.03,9,62,4800,31,False,False,False,False,False,False,False,False,False,False,False,False,False,False,False,False,True,False,False,False,False,False,False,True,True,False,True,False,True,False,False,False,False,6918
0,4,95.7,169.7,63.6,59.1,2290,4,92,3.05,3.03,9,62,4800,27,False,False,False,False,False,False,False,False,False,False,False,False,False,False,False,False,True,False,False,False,False,False,False,True,False,False,True,False,True,False,False,False,False,7898
0,4,95.7,169.7,63.6,59.1,3110,4,92,3.05,3.03,9,62,4800,27,False,False,False,False,False,False,False,False,False,False,False,False,False,False,False,False,True,False,False,False,False,False,False,True,False,False,True,False,True,False,False,False,False,8778
0,4,95.7,166.3,64.4,53.0,2081,4,98,3.19,3.03,9,70,4800,30,False,False,False,False,False,False,False,False,False,False,False,False,False,False,False,False,True,False,False,False,False,False,True,False,True,False,True,False,True,False,False,False,False,6938
0,4,95.7,166.3,64.4,52.8,2109,4,98,3.19,3.03,9,70,4800,30,False,False,False,False,False,False,False,False,False,False,False,False,False,False,False,False,True,False,False,False,False,True,False,False,True,False,True,False,True,False,False,False,False,7198
0,4,95.7,166.3,64.4,53.0,2275,4,110,3.27,3.35,22,56,4500,34,False,False,False,False,False,False,False,False,False,False,False,False,False,False,False,False,True,False,False,False,False,False,True,False,True,False,True,False,False,True,False,False,False,7898
0,4,95.7,166.3,64.4,52.8,2275,4,110,3.27,3.35,22,56,4500,38,False,False,False,False,False,False,False,False,False,False,False,False,False,False,False,False,True,False,False,False,False,True,False,False,True,False,True,False,False,True,False,False,False,7788
0,4,95.7,166.3,64.4,53.0,2094,4,98,3.19,3.03,9,70,4800,38,False,False,False,False,False,False,False,False,False,False,False,False,False,False,False,False,True,False,False,False,False,False,True,False,True,False,True,False,True,False,False,False,False,7738
0,4,95.7,166.3,64.4,52.8,2122,4,98,3.19,3.03,9,70,4800,28,False,False,False,False,False,False,False,False,False,False,False,False,False,False,False,False,True,False,False,False,False,True,False,False,True,False,True,False,True,False,False,False,False,8358
0,4,95.7,166.3,64.4,52.8,2140,4,98,3.19,3.03,9,70,4800,28,False,False,False,False,False,False,False,False,False,False,False,False,False,False,False,False,True,False,False,False,False,False,True,False,True,False,True,False,True,False,False,False,False,9258
1,2,94.5,168.7,64.0,52.6,2169,4,98,3.19,3.03,9,70,4800,29,False,False,False,False,False,False,False,False,False,False,False,False,False,False,False,False,True,False,False,False,False,False,True,False,False,False,True,False,True,False,False,False,False,8058
1,2,94.5,168.7,64.0,52.6,2204,4,98,3.19,3.03,9,70,4800,29,False,False,False,False,False,False,False,False,False,False,False,False,False,False,False,False,True,False,False,False,False,True,False,False,False,False,True,False,True,False,False,False,False,8238
1,2,94.5,168.7,64.0,52.6,2265,4,98,3.24,3.08,9,112,6600,26,False,False,False,False,False,False,False,False,False,False,False,False,False,False,False,False,True,False,False,False,False,False,True,False,False,False,False,False,False,False,False,True,False,9298
1,2,94.5,168.7,64.0,52.6,2300,4,98,3.24,3.08,9,112,6600,26,False,False,False,False,False,False,False,False,False,False,False,False,False,False,False,False,True,False,False,False,False,True,False,False,False,False,False,False,False,False,False,True,False,9538
2,2,98.4,176.2,65.6,52.0,2540,4,146,3.62,3.5,9,116,4800,24,False,False,False,False,False,False,False,False,False,False,False,False,False,False,False,False,True,False,False,False,True,False,False,False,False,False,True,False,False,False,False,True,False,8449
2,2,98.4,176.2,65.6,52.0,2536,4,146,3.62,3.5,9,116,4800,24,False,False,False,False,False,False,False,False,False,False,False,False,False,False,False,False,True,False,False,False,True,False,False,False,False,False,True,False,False,False,False,True,False,9639
2,2,98.4,176.2,65.6,52.0,2551,4,146,3.62,3.5,9,116,4800,24,False,False,False,False,False,False,False,False,False,False,False,False,False,False,False,False,True,False,False,False,False,True,False,False,False,False,True,False,False,False,False,True,False,9989
2,2,98.4,176.2,65.6,52.0,2679,4,146,3.62,3.5,9,116,4800,24,False,False,False,False,False,False,False,False,False,False,False,False,False,False,False,False,True,False,False,False,True,False,False,False,False,False,True,False,False,False,False,True,False,11199
2,2,98.4,176.2,65.6,52.0,2714,4,146,3.62,3.5,9,116,4800,24,False,False,False,False,False,False,False,False,False,False,False,False,False,False,False,False,True,False,False,False,False,True,False,False,False,False,True,False,False,False,False,True,False,11549
2,2,98.4,176.2,65.6,53.0,2975,4,146,3.62,3.5,9,116,4800,24,False,False,False,False,False,False,False,False,False,False,False,False,False,False,False,False,True,False,False,False,False,False,False,False,False,False,True,False,False,False,False,True,False,17669
-1,4,102.4,175.6,66.5,54.9,2326,4,122,3.31,3.54,8,92,4200,29,False,False,False,False,False,False,False,False,False,False,False,False,False,False,False,False,True,False,False,False,False,False,True,False,True,False,True,False,False,False,False,True,False,8948
-1,4,102.4,175.6,66.5,54.9,2480,4,110,3.27,3.35,22,73,4500,30,False,False,False,False,False,False,False,False,False,False,False,False,False,False,False,False,True,False,False,True,False,False,True,False,True,False,True,False,False,True,False,False,False,10698
-1,4,102.4,175.6,66.5,53.9,2414,4,122,3.31,3.54,8,92,4200,27,False,False,False,False,False,False,False,False,False,False,False,False,False,False,False,False,True,False,False,False,False,True,False,False,True,False,True,False,False,False,False,True,False,9988
-1,4,102.4,175.6,66.5,54.9,2414,4,122,3.31,3.54,8,92,4200,27,False,False,False,False,False,False,False,False,False,False,False,False,False,False,False,False,True,False,False,False,False,False,True,False,True,False,True,False,False,False,False,True,False,10898
-1,4,102.4,175.6,66.5,53.9,2458,4,122,3.31,3.54,8,92,4200,27,False,False,False,False,False,False,False,False,False,False,False,False,False,False,False,False,True,False,False,False,False,True,False,False,True,False,True,False,False,False,False,True,False,11248
3,2,102.9,183.5,67.7,52.0,2976,6,171,3.27,3.35,9,161,5200,20,False,False,False,False,False,False,False,False,False,False,False,False,False,False,False,False,True,False,False,False,False,True,False,False,False,False,False,False,False,False,False,True,False,16558
3,2,102.9,183.5,67.7,52.0,3016,6,171,3.27,3.35,9,161,5200,19,False,False,False,False,False,False,False,False,False,False,False,False,False,False,False,False,True,False,False,False,False,True,False,False,False,False,False,False,False,False,False,True,False,15998
-1,4,104.5,187.8,66.5,54.1,3131,6,171,3.27,3.35,9,156,5200,20,False,False,False,False,False,False,False,False,False,False,False,False,False,False,False,False,True,False,False,False,False,False,True,False,False,False,False,False,False,False,False,True,False,15690
-1,4,104.5,187.8,66.5,54.1,3151,6,161,3.27,3.35,9,156,5200,19,False,False,False,False,False,False,False,False,False,False,False,False,False,False,False,False,True,False,False,False,False,False,False,True,False,False,False,False,False,False,False,True,False,15750
2,2,97.3,171.7,65.5,55.7,2261,4,97,3.01,3.4,23,52,4800,37,False,False,False,False,False,False,False,False,False,False,False,False,False,False,False,False,False,True,False,False,False,False,True,False,True,False,True,False,False,True,False,False,False,7775
2,2,97.3,171.7,65.5,55.7,2209,4,109,3.19,3.4,9,85,5250,27,False,False,False,False,False,False,False,False,False,False,False,False,False,False,False,False,False,True,False,False,False,False,True,False,True,False,True,False,False,False,False,True,False,7975
2,4,97.3,171.7,65.5,55.7,2264,4,97,3.01,3.4,23,52,4800,37,False,False,False,False,False,False,False,False,False,False,False,False,False,False,False,False,False,True,False,False,False,False,True,False,True,False,True,False,False,True,False,False,False,7995
2,4,97.3,171.7,65.5,55.7,2212,4,109,3.19,3.4,9,85,5250,27,False,False,False,False,False,False,False,False,False,False,False,False,False,False,False,False,False,True,False,False,False,False,True,False,True,False,True,False,False,False,False,True,False,8195
2,4,97.3,171.7,65.5,55.7,2275,4,109,3.19,3.4,9,85,5250,27,False,False,False,False,False,False,False,False,False,False,False,False,False,False,False,False,False,True,False,False,False,False,True,False,True,False,True,False,False,False,False,True,False,8495
2,4,97.3,171.7,65.5,55.7,2319,4,97,3.01,3.4,23,68,4500,37,False,False,False,False,False,False,False,False,False,False,False,False,False,False,False,False,False,True,False,True,False,False,True,False,True,False,True,False,False,True,False,False,False,9495
2,4,97.3,171.7,65.5,55.7,2300,4,109,3.19,3.4,10,100,5500,26,False,False,False,False,False,False,False,False,False,False,False,False,False,False,False,False,False,True,False,False,False,False,True,False,True,False,True,False,False,False,False,True,False,9995
3,2,94.5,159.3,64.2,55.6,2254,4,109,3.19,3.4,8,90,5500,24,False,False,False,False,False,False,False,False,False,False,False,False,False,False,False,False,False,True,False,False,False,False,False,False,True,False,True,False,False,False,False,True,False,11595
3,2,94.5,165.7,64.0,51.4,2221,4,109,3.19,3.4,8,90,5500,24,False,False,False,False,False,False,False,False,False,False,False,False,False,False,False,False,False,True,False,False,False,True,False,False,True,False,True,False,False,False,False,True,False,9980
0,4,100.4,180.2,66.9,55.1,2661,5,136,3.19,3.4,8,110,5500,19,False,False,False,False,False,False,False,False,False,False,False,False,False,False,False,False,False,True,False,False,False,False,True,False,True,False,True,False,False,False,False,True,False,13295
0,4,100.4,180.2,66.9,55.1,2579,4,97,3.01,3.4,23,68,4500,33,False,False,False,False,False,False,False,False,False,False,False,False,False,False,False,False,False,True,False,True,False,False,True,False,True,False,True,False,False,True,False,False,False,13845
0,4,100.4,183.1,66.9,55.1,2563,4,109,3.19,3.4,9,88,5500,25,False,False,False,False,False,False,False,False,False,False,False,False,False,False,False,False,False,True,False,False,False,False,False,True,True,False,True,False,False,False,False,True,False,12290
-2,4,104.3,188.8,67.2,56.2,2912,4,141,3.78,3.15,9,114,5400,23,False,False,False,False,False,False,False,False,False,False,False,False,False,False,False,False,False,False,True,False,False,False,True,False,False,False,True,False,False,False,False,True,False,12940
-1,4,104.3,188.8,67.2,57.5,3034,4,141,3.78,3.15,9,114,5400,23,False,False,False,False,False,False,False,False,False,False,False,False,False,False,False,False,False,False,True,False,False,False,False,True,False,False,True,False,False,False,False,True,False,13415
-2,4,104.3,188.8,67.2,56.2,2935,4,141,3.78,3.15,9,114,5400,24,False,False,False,False,False,False,False,False,False,False,False,False,False,False,False,False,False,False,True,False,False,False,True,False,False,False,True,False,False,False,False,True,False,15985
-1,4,104.3,188.8,67.2,57.5,3042,4,141,3.78,3.15,9,114,5400,24,False,False,False,False,False,False,False,False,False,False,False,False,False,False,False,False,False,False,True,False,False,False,False,True,False,False,True,False,False,False,False,True,False,16515
-2,4,104.3,188.8,67.2,56.2,3045,4,130,3.62,3.15,7,162,5100,17,False,False,False,False,False,False,False,False,False,False,False,False,False,False,False,False,False,False,True,True,False,False,True,False,False,False,True,False,False,False,False,True,False,18420
-1,4,104.3,188.8,67.2,57.5,3157,4,130,3.62,3.15,7,162,5100,17,False,False,False,False,False,False,False,False,False,False,False,False,False,False,False,False,False,False,True,True,False,False,False,True,False,False,True,False,False,False,False,True,False,18950
-1,4,109.1,188.8,68.9,55.5,2952,4,141,3.78,3.15,9,114,5400,23,False,False,False,False,False,False,False,False,False,False,False,False,False,False,False,False,False,False,True,False,False,False,True,False,False,False,True,False,False,False,False,True,False,16845
-1,4,109.1,188.8,68.8,55.5,3049,4,141,3.78,3.15,8,160,5300,19,False,False,False,False,False,False,False,False,False,False,False,False,False,False,False,False,False,False,True,True,False,False,True,False,False,False,True,False,False,False,False,True,False,19045
-1,4,109.1,188.8,68.9,55.5,3012,6,173,3.58,2.87,8,134,5500,18,False,False,False,False,False,False,False,False,False,False,False,False,False,False,False,False,False,False,True,False,False,False,True,False,False,False,False,True,False,False,False,True,False,21485
-1,4,109.1,188.8,68.9,55.5,3217,6,145,3.01,3.4,23,106,4800,26,False,False,False,False,False,False,False,False,False,False,False,False,False,False,False,False,False,False,True,True,False,False,True,False,False,False,True,False,False,True,False,False,False,22470
-1,4,109.1,188.8,68.9,55.5,3062,4,141,3.78,3.15,9,114,5400,19,False,False,False,False,False,False,False,False,False,False,False,False,False,False,False,False,False,False,True,True,False,False,True,False,False,False,True,False,False,False,False,True,False,22625
